{
  "mu": [
    0.5222440711590934,
    0.49166750258030173,
    0.5102658332887359,
    0.49348485921550933,
    0.5054005959695382,
    0.44374157354711813,
    0.5133990074342449,
    0.4939833949551338
  ],
  "sd": [
    0.20403012839469803,
    0.2060991450184147,
    0.20974376166240016,
    0.21610205996647122,
    0.20874517085749836,
    0.22839953625799478,
    0.2081922137675869,
    0.19771491550230424
  ],
  "axes": [
    "A1",
    "A2",
    "A3",
    "A4",
    "A5",
    "A6",
    "A7",
    "A8"
  ]
}